day_type,avg_daily_sales
Weekday,1135207.3223140496
Weekend,1014335.1960784313
